<?xml version = "1.0" encoding = "utf-8"?>
<!DOCTYPE hibernate-configuration PUBLIC
        "-//Hibernate/Hibernate Configuration DTD 3.0//EN"
        "http://www.hibernate.org/dtd/hibernate-configuration-3.0.dtd">
<hibernate-configuration>
    <session-factory>
        <!-- Set URL -->
        <property name = "hibernate.connection.url">jdbc:postgresql://192.168.2.202:5432/demo23</property>
        <!-- Set User Name -->
        <property name = "hibernate.connection.username">user23</property>
        <!-- Set Password -->
        <property name = "hibernate.connection.password">J2DTFJ</property>
        <!-- Set Driver Name -->
        <property name = "hibernate.connection.driver_class">org.postgresql.Driver</property>
        <property name = "hibernate.show_sql">true</property>
        <!-- Optional: Auto-generate schema -->
        <!-- <property name = "hibernate.hbm2ddl.auto">create</property> -->
        <mapping class="ru.demo.tradeapp.models.User" />
    </session-factory>
</hibernate-configuration>
